CustomerID,FirstName,LastName,Email,RegistrationDate,LoyaltyTier,PreferredStoreID,Customer Tenure
1,Emily,Garcia,customer1@example.com,16-03-2023 00:00:00,Platinum,41,830
2,David,Jones,customer2@example.com,19-01-2022 00:00:00,Platinum,24,1251
3,Mike,Garcia,customer3@example.com,11-10-2023 00:00:00,Silver,35,621
4,David,Garcia,customer4@example.com,15-11-2021 00:00:00,Bronze,30,1316
5,David,Brown,customer5@example.com,04-11-2020 00:00:00,Bronze,30,1692
6,Jane,Garcia,customer6@example.com,25-11-2021 00:00:00,Silver,47,1306
7,Mike,Williams,customer7@example.com,14-10-2020 00:00:00,Bronze,35,1713
8,Mike,Garcia,customer8@example.com,02-11-2020 00:00:00,Silver,19,1694
9,Mike,Garcia,customer9@example.com,02-07-2022 00:00:00,Bronze,50,1087
10,David,Garcia,customer10@example.com,23-10-2021 00:00:00,Gold,8,1339
11,Emily,Smith,customer11@example.com,02-07-2021 00:00:00,Gold,26,1452
12,Mike,Williams,customer12@example.com,07-10-2023 00:00:00,Silver,49,625
13,Sarah,Williams,customer13@example.com,07-11-2020 00:00:00,Bronze,40,1689
14,David,Jones,customer14@example.com,22-05-2022 00:00:00,Platinum,7,1128
15,Jane,Brown,customer15@example.com,18-12-2022 00:00:00,Bronze,30,918
16,Emily,Garcia,customer16@example.com,12-07-2022 00:00:00,Gold,7,1077
17,Sarah,Johnson,customer17@example.com,24-01-2022 00:00:00,Gold,3,1246
18,Sarah,Brown,customer18@example.com,04-02-2020 00:00:00,Bronze,1,1966
19,Jane,Brown,customer19@example.com,20-03-2021 00:00:00,Bronze,36,1556
20,Emily,Williams,customer20@example.com,02-04-2020 00:00:00,Platinum,25,1908
21,David,Brown,customer21@example.com,15-05-2023 00:00:00,Platinum,37,770
22,John,Garcia,customer22@example.com,18-12-2020 00:00:00,Bronze,1,1648
23,Emily,Garcia,customer23@example.com,21-06-2022 00:00:00,Bronze,15,1098
24,Jane,Smith,customer24@example.com,17-09-2023 00:00:00,Bronze,37,645
25,Sarah,Garcia,customer25@example.com,11-05-2022 00:00:00,Bronze,13,1139
26,David,Garcia,customer26@example.com,07-06-2020 00:00:00,Silver,40,1842
27,Emily,Williams,customer27@example.com,14-08-2022 00:00:00,Bronze,8,1044
28,John,Garcia,customer28@example.com,24-01-2020 00:00:00,Platinum,5,1977
29,John,Smith,customer29@example.com,07-02-2021 00:00:00,Gold,9,1597
30,Mike,Johnson,customer30@example.com,15-03-2022 00:00:00,Silver,1,1196
31,Mike,Williams,customer31@example.com,30-05-2021 00:00:00,Bronze,36,1485
32,Jane,Johnson,customer32@example.com,01-01-2022 00:00:00,Gold,35,1269
33,Emily,Williams,customer33@example.com,19-10-2023 00:00:00,Silver,2,613
34,Emily,Jones,customer34@example.com,06-11-2023 00:00:00,Gold,40,595
35,Sarah,Brown,customer35@example.com,15-06-2021 00:00:00,Bronze,23,1469
36,Sarah,Jones,customer36@example.com,13-08-2022 00:00:00,Bronze,9,1045
37,Sarah,Garcia,customer37@example.com,31-05-2020 00:00:00,Platinum,34,1849
38,Mike,Johnson,customer38@example.com,04-08-2022 00:00:00,Bronze,46,1054
39,Emily,Garcia,customer39@example.com,30-08-2021 00:00:00,Bronze,14,1393
40,Emily,Brown,customer40@example.com,23-02-2021 00:00:00,Silver,4,1581
41,John,Williams,customer41@example.com,27-06-2023 00:00:00,Platinum,30,727
42,Mike,Brown,customer42@example.com,14-02-2023 00:00:00,Silver,31,860
43,David,Smith,customer43@example.com,15-05-2022 00:00:00,Gold,38,1135
44,Mike,Brown,customer44@example.com,31-07-2021 00:00:00,Bronze,11,1423
45,David,Smith,customer45@example.com,30-11-2020 00:00:00,Gold,35,1666
46,John,Brown,customer46@example.com,12-12-2023 00:00:00,Silver,8,559
47,Jane,Smith,customer47@example.com,20-07-2022 00:00:00,Bronze,3,1069
48,Emily,Johnson,customer48@example.com,21-10-2020 00:00:00,Bronze,14,1706
49,John,Garcia,customer49@example.com,24-01-2022 00:00:00,Silver,13,1246
50,Emily,Garcia,customer50@example.com,26-10-2023 00:00:00,Silver,45,606
51,Sarah,Jones,customer51@example.com,04-07-2020 00:00:00,Silver,32,1815
52,Jane,Garcia,customer52@example.com,23-06-2023 00:00:00,Silver,34,731
53,Jane,Williams,customer53@example.com,28-09-2021 00:00:00,Silver,45,1364
54,John,Brown,customer54@example.com,15-07-2023 00:00:00,Bronze,19,709
55,Jane,Jones,customer55@example.com,14-06-2023 00:00:00,Silver,38,740
56,David,Williams,customer56@example.com,13-06-2021 00:00:00,Bronze,16,1471
57,Jane,Williams,customer57@example.com,21-01-2020 00:00:00,Bronze,2,1980
58,Emily,Smith,customer58@example.com,29-06-2022 00:00:00,Silver,40,1090
59,Emily,Garcia,customer59@example.com,16-05-2022 00:00:00,Silver,17,1134
60,Emily,Johnson,customer60@example.com,04-03-2022 00:00:00,Platinum,34,1207
61,Emily,Johnson,customer61@example.com,09-04-2020 00:00:00,Bronze,42,1901
62,David,Jones,customer62@example.com,21-01-2022 00:00:00,Silver,16,1249
63,Mike,Johnson,customer63@example.com,22-04-2021 00:00:00,Silver,38,1523
64,Sarah,Brown,customer64@example.com,14-08-2023 00:00:00,Silver,2,679
65,John,Johnson,customer65@example.com,28-07-2022 00:00:00,Platinum,2,1061
66,Emily,Jones,customer66@example.com,09-06-2021 00:00:00,Platinum,26,1475
67,Jane,Johnson,customer67@example.com,29-11-2020 00:00:00,Gold,13,1667
68,Emily,Brown,customer68@example.com,02-01-2020 00:00:00,Bronze,47,1999
69,Jane,Smith,customer69@example.com,09-01-2021 00:00:00,Gold,31,1626
70,Sarah,Jones,customer70@example.com,19-10-2020 00:00:00,Silver,34,1708
71,Sarah,Smith,customer71@example.com,16-04-2022 00:00:00,Platinum,39,1164
72,Sarah,Smith,customer72@example.com,01-10-2022 00:00:00,Platinum,3,996
73,Jane,Smith,customer73@example.com,06-07-2021 00:00:00,Gold,8,1448
74,Emily,Williams,customer74@example.com,13-11-2020 00:00:00,Platinum,23,1683
75,Sarah,Garcia,customer75@example.com,15-01-2021 00:00:00,Silver,14,1620
76,David,Williams,customer76@example.com,14-01-2020 00:00:00,Platinum,27,1987
77,Jane,Garcia,customer77@example.com,18-05-2021 00:00:00,Gold,29,1497
78,Jane,Smith,customer78@example.com,18-08-2020 00:00:00,Silver,39,1770
79,Emily,Jones,customer79@example.com,12-01-2023 00:00:00,Gold,39,893
80,Jane,Garcia,customer80@example.com,09-05-2020 00:00:00,Platinum,1,1871
81,Jane,Brown,customer81@example.com,17-04-2022 00:00:00,Gold,17,1163
82,Sarah,Brown,customer82@example.com,14-03-2023 00:00:00,Gold,41,832
83,Emily,Johnson,customer83@example.com,09-06-2022 00:00:00,Bronze,30,1110
84,Sarah,Garcia,customer84@example.com,28-01-2020 00:00:00,Platinum,13,1973
85,Sarah,Jones,customer85@example.com,06-03-2020 00:00:00,Platinum,21,1935
86,Emily,Williams,customer86@example.com,01-04-2023 00:00:00,Gold,19,814
87,John,Smith,customer87@example.com,06-06-2023 00:00:00,Bronze,19,748
88,Sarah,Johnson,customer88@example.com,17-09-2020 00:00:00,Platinum,25,1740
89,David,Brown,customer89@example.com,18-12-2023 00:00:00,Silver,22,553
90,David,Williams,customer90@example.com,04-04-2021 00:00:00,Gold,31,1541
91,Jane,Williams,customer91@example.com,27-10-2020 00:00:00,Platinum,17,1700
92,David,Smith,customer92@example.com,07-07-2022 00:00:00,Silver,23,1082
93,Jane,Garcia,customer93@example.com,19-08-2023 00:00:00,Platinum,32,674
94,John,Brown,customer94@example.com,13-10-2020 00:00:00,Silver,10,1714
95,Emily,Jones,customer95@example.com,19-11-2023 00:00:00,Gold,10,582
96,Emily,Williams,customer96@example.com,30-10-2022 00:00:00,Platinum,36,967
97,Emily,Smith,customer97@example.com,21-09-2021 00:00:00,Platinum,8,1371
98,David,Jones,customer98@example.com,26-09-2020 00:00:00,Bronze,20,1731
99,John,Garcia,customer99@example.com,14-08-2021 00:00:00,Gold,32,1409
100,David,Brown,customer100@example.com,23-04-2022 00:00:00,Silver,50,1157
101,David,Garcia,customer101@example.com,11-05-2022 00:00:00,Platinum,14,1139
102,John,Williams,customer102@example.com,16-10-2023 00:00:00,Platinum,50,616
103,John,Jones,customer103@example.com,04-07-2023 00:00:00,Silver,28,720
104,John,Jones,customer104@example.com,12-05-2020 00:00:00,Gold,46,1868
105,John,Jones,customer105@example.com,23-07-2023 00:00:00,Bronze,24,701
106,Emily,Williams,customer106@example.com,29-08-2022 00:00:00,Bronze,15,1029
107,Mike,Williams,customer107@example.com,27-05-2021 00:00:00,Platinum,22,1488
108,Mike,Garcia,customer108@example.com,08-11-2020 00:00:00,Silver,30,1688
109,John,Johnson,customer109@example.com,29-07-2021 00:00:00,Platinum,4,1425
110,Mike,Garcia,customer110@example.com,04-06-2022 00:00:00,Silver,13,1115
111,Mike,Brown,customer111@example.com,31-07-2023 00:00:00,Bronze,23,693
112,John,Smith,customer112@example.com,18-02-2023 00:00:00,Gold,8,856
113,Mike,Jones,customer113@example.com,04-02-2023 00:00:00,Silver,18,870
114,David,Johnson,customer114@example.com,17-11-2021 00:00:00,Bronze,12,1314
115,Jane,Smith,customer115@example.com,12-05-2023 00:00:00,Platinum,31,773
116,Jane,Johnson,customer116@example.com,13-06-2020 00:00:00,Silver,14,1836
117,John,Garcia,customer117@example.com,31-10-2020 00:00:00,Gold,34,1696
118,Emily,Williams,customer118@example.com,04-06-2020 00:00:00,Platinum,18,1845
119,John,Jones,customer119@example.com,22-10-2023 00:00:00,Platinum,34,610
120,Emily,Garcia,customer120@example.com,11-09-2021 00:00:00,Bronze,11,1381
121,Jane,Smith,customer121@example.com,28-06-2023 00:00:00,Silver,41,726
122,John,Smith,customer122@example.com,14-08-2022 00:00:00,Platinum,12,1044
123,Sarah,Smith,customer123@example.com,29-11-2020 00:00:00,Gold,49,1667
124,David,Smith,customer124@example.com,26-08-2022 00:00:00,Silver,15,1032
125,Mike,Smith,customer125@example.com,25-05-2021 00:00:00,Gold,31,1490
126,Emily,Johnson,customer126@example.com,09-08-2023 00:00:00,Platinum,49,684
127,Sarah,Garcia,customer127@example.com,09-11-2022 00:00:00,Gold,29,957
128,Mike,Jones,customer128@example.com,08-10-2020 00:00:00,Bronze,26,1719
129,Mike,Williams,customer129@example.com,07-03-2022 00:00:00,Gold,18,1204
130,John,Williams,customer130@example.com,21-10-2022 00:00:00,Silver,32,976
131,Mike,Garcia,customer131@example.com,28-04-2020 00:00:00,Gold,22,1882
132,David,Garcia,customer132@example.com,24-11-2022 00:00:00,Gold,38,942
133,Sarah,Williams,customer133@example.com,16-07-2020 00:00:00,Bronze,17,1803
134,Mike,Williams,customer134@example.com,29-04-2021 00:00:00,Gold,23,1516
135,John,Johnson,customer135@example.com,18-12-2022 00:00:00,Gold,24,918
136,David,Brown,customer136@example.com,16-04-2022 00:00:00,Platinum,50,1164
137,Jane,Jones,customer137@example.com,30-03-2023 00:00:00,Platinum,8,816
138,Sarah,Smith,customer138@example.com,05-10-2022 00:00:00,Silver,41,992
139,Mike,Brown,customer139@example.com,21-11-2021 00:00:00,Platinum,6,1310
140,John,Garcia,customer140@example.com,14-05-2023 00:00:00,Platinum,5,771
141,Jane,Williams,customer141@example.com,01-11-2022 00:00:00,Platinum,44,965
142,Jane,Brown,customer142@example.com,04-05-2021 00:00:00,Platinum,29,1511
143,Emily,Jones,customer143@example.com,02-10-2020 00:00:00,Bronze,28,1725
144,David,Garcia,customer144@example.com,23-11-2021 00:00:00,Platinum,11,1308
145,Mike,Smith,customer145@example.com,29-08-2020 00:00:00,Bronze,1,1759
146,John,Smith,customer146@example.com,24-05-2023 00:00:00,Bronze,43,761
147,Emily,Jones,customer147@example.com,28-06-2023 00:00:00,Platinum,19,726
148,David,Jones,customer148@example.com,05-05-2020 00:00:00,Gold,9,1875
149,Emily,Williams,customer149@example.com,04-08-2020 00:00:00,Bronze,27,1784
150,Sarah,Smith,customer150@example.com,22-08-2023 00:00:00,Gold,34,671
151,David,Garcia,customer151@example.com,23-04-2023 00:00:00,Gold,44,792
152,David,Brown,customer152@example.com,28-11-2022 00:00:00,Platinum,4,938
153,Mike,Garcia,customer153@example.com,31-05-2023 00:00:00,Silver,36,754
154,David,Johnson,customer154@example.com,22-04-2023 00:00:00,Platinum,18,793
155,Emily,Johnson,customer155@example.com,09-05-2021 00:00:00,Silver,15,1506
156,David,Jones,customer156@example.com,02-03-2021 00:00:00,Silver,13,1574
157,Mike,Williams,customer157@example.com,16-04-2023 00:00:00,Platinum,19,799
158,Mike,Johnson,customer158@example.com,07-07-2022 00:00:00,Platinum,49,1082
159,Sarah,Smith,customer159@example.com,22-12-2023 00:00:00,Silver,6,549
160,Emily,Garcia,customer160@example.com,10-08-2023 00:00:00,Platinum,48,683
161,Jane,Garcia,customer161@example.com,30-05-2020 00:00:00,Silver,12,1850
162,Jane,Jones,customer162@example.com,18-01-2021 00:00:00,Gold,37,1617
163,David,Brown,customer163@example.com,03-11-2020 00:00:00,Platinum,17,1693
164,Sarah,Jones,customer164@example.com,21-09-2023 00:00:00,Gold,23,641
165,John,Brown,customer165@example.com,15-01-2022 00:00:00,Bronze,26,1255
166,David,Jones,customer166@example.com,10-06-2022 00:00:00,Gold,29,1109
167,Sarah,Jones,customer167@example.com,09-01-2021 00:00:00,Gold,33,1626
168,Emily,Jones,customer168@example.com,28-10-2022 00:00:00,Silver,27,969
169,Emily,Brown,customer169@example.com,26-09-2023 00:00:00,Gold,25,636
170,Emily,Brown,customer170@example.com,08-05-2020 00:00:00,Platinum,10,1872
171,Emily,Jones,customer171@example.com,11-10-2022 00:00:00,Silver,47,986
172,Emily,Johnson,customer172@example.com,30-10-2021 00:00:00,Bronze,23,1332
173,Sarah,Williams,customer173@example.com,07-10-2023 00:00:00,Platinum,21,625
174,Sarah,Williams,customer174@example.com,13-10-2023 00:00:00,Bronze,21,619
175,Mike,Williams,customer175@example.com,31-05-2021 00:00:00,Gold,43,1484
176,Jane,Brown,customer176@example.com,26-03-2020 00:00:00,Platinum,13,1915
177,Emily,Brown,customer177@example.com,13-04-2023 00:00:00,Platinum,37,802
178,John,Johnson,customer178@example.com,01-05-2023 00:00:00,Bronze,33,784
179,Sarah,Williams,customer179@example.com,06-11-2020 00:00:00,Platinum,24,1690
180,John,Williams,customer180@example.com,16-02-2023 00:00:00,Platinum,44,858
181,John,Jones,customer181@example.com,26-05-2023 00:00:00,Platinum,11,759
182,John,Brown,customer182@example.com,02-03-2021 00:00:00,Gold,17,1574
183,Mike,Williams,customer183@example.com,08-12-2023 00:00:00,Bronze,4,563
184,Sarah,Garcia,customer184@example.com,23-04-2020 00:00:00,Platinum,47,1887
185,John,Johnson,customer185@example.com,14-03-2023 00:00:00,Silver,25,832
186,Emily,Garcia,customer186@example.com,29-10-2020 00:00:00,Silver,30,1698
187,David,Garcia,customer187@example.com,13-01-2022 00:00:00,Silver,9,1257
188,John,Johnson,customer188@example.com,10-08-2021 00:00:00,Silver,21,1413
189,Mike,Garcia,customer189@example.com,13-09-2022 00:00:00,Gold,20,1014
190,Sarah,Williams,customer190@example.com,10-12-2020 00:00:00,Platinum,19,1656
191,Mike,Brown,customer191@example.com,24-03-2022 00:00:00,Bronze,19,1187
192,John,Johnson,customer192@example.com,11-03-2022 00:00:00,Platinum,12,1200
193,Sarah,Jones,customer193@example.com,21-10-2022 00:00:00,Gold,37,976
194,David,Garcia,customer194@example.com,16-03-2023 00:00:00,Silver,42,830
195,John,Johnson,customer195@example.com,03-08-2023 00:00:00,Gold,17,690
196,Mike,Smith,customer196@example.com,12-12-2022 00:00:00,Platinum,37,924
197,Jane,Smith,customer197@example.com,20-08-2023 00:00:00,Bronze,48,673
198,Emily,Brown,customer198@example.com,28-12-2022 00:00:00,Gold,39,908
199,Mike,Williams,customer199@example.com,26-12-2020 00:00:00,Bronze,28,1640
200,Sarah,Brown,customer200@example.com,28-05-2023 00:00:00,Gold,41,757
201,John,Brown,customer201@example.com,06-10-2022 00:00:00,Bronze,35,991
202,Emily,Brown,customer202@example.com,04-12-2021 00:00:00,Bronze,47,1297
203,John,Brown,customer203@example.com,28-07-2021 00:00:00,Silver,48,1426
204,Sarah,Jones,customer204@example.com,30-03-2023 00:00:00,Bronze,18,816
205,John,Jones,customer205@example.com,17-01-2023 00:00:00,Silver,14,888
206,Jane,Johnson,customer206@example.com,18-11-2021 00:00:00,Platinum,35,1313
207,Emily,Smith,customer207@example.com,19-02-2022 00:00:00,Platinum,44,1220
208,Emily,Brown,customer208@example.com,07-08-2021 00:00:00,Silver,41,1416
209,Sarah,Johnson,customer209@example.com,11-08-2021 00:00:00,Silver,7,1412
210,Jane,Smith,customer210@example.com,28-03-2023 00:00:00,Gold,41,818
211,Mike,Garcia,customer211@example.com,03-05-2021 00:00:00,Gold,13,1512
212,John,Williams,customer212@example.com,28-08-2022 00:00:00,Gold,18,1030
213,David,Jones,customer213@example.com,09-09-2023 00:00:00,Platinum,37,653
214,John,Garcia,customer214@example.com,05-11-2023 00:00:00,Gold,13,596
215,John,Smith,customer215@example.com,30-01-2023 00:00:00,Bronze,36,875
216,Mike,Garcia,customer216@example.com,08-05-2021 00:00:00,Bronze,31,1507
217,John,Williams,customer217@example.com,19-01-2020 00:00:00,Gold,2,1982
218,Jane,Smith,customer218@example.com,31-01-2021 00:00:00,Bronze,16,1604
219,Jane,Garcia,customer219@example.com,27-09-2022 00:00:00,Platinum,9,1000
220,Emily,Jones,customer220@example.com,26-07-2023 00:00:00,Bronze,9,698
221,Sarah,Jones,customer221@example.com,30-04-2022 00:00:00,Platinum,38,1150
222,David,Johnson,customer222@example.com,20-10-2023 00:00:00,Silver,11,612
223,John,Garcia,customer223@example.com,16-09-2023 00:00:00,Silver,22,646
224,John,Brown,customer224@example.com,29-09-2023 00:00:00,Silver,33,633
225,Mike,Garcia,customer225@example.com,01-04-2022 00:00:00,Silver,36,1179
226,Sarah,Smith,customer226@example.com,30-03-2021 00:00:00,Bronze,45,1546
227,Jane,Smith,customer227@example.com,25-12-2021 00:00:00,Gold,23,1276
228,David,Garcia,customer228@example.com,24-12-2022 00:00:00,Bronze,45,912
229,Emily,Williams,customer229@example.com,04-01-2023 00:00:00,Platinum,45,901
230,Jane,Jones,customer230@example.com,11-12-2021 00:00:00,Bronze,34,1290
231,Sarah,Smith,customer231@example.com,22-05-2020 00:00:00,Bronze,9,1858
232,Emily,Jones,customer232@example.com,05-07-2022 00:00:00,Platinum,24,1084
233,Mike,Smith,customer233@example.com,07-04-2022 00:00:00,Silver,8,1173
234,Mike,Johnson,customer234@example.com,27-08-2021 00:00:00,Silver,7,1396
235,John,Brown,customer235@example.com,11-12-2023 00:00:00,Silver,36,560
236,Sarah,Smith,customer236@example.com,31-10-2020 00:00:00,Gold,18,1696
237,David,Jones,customer237@example.com,05-01-2022 00:00:00,Platinum,3,1265
238,Emily,Johnson,customer238@example.com,17-10-2020 00:00:00,Platinum,28,1710
239,Jane,Smith,customer239@example.com,11-04-2020 00:00:00,Bronze,6,1899
240,Sarah,Williams,customer240@example.com,14-07-2023 00:00:00,Gold,44,710
241,Sarah,Brown,customer241@example.com,16-05-2022 00:00:00,Silver,44,1134
242,Mike,Smith,customer242@example.com,25-08-2022 00:00:00,Gold,21,1033
243,John,Johnson,customer243@example.com,31-08-2022 00:00:00,Platinum,28,1027
244,John,Williams,customer244@example.com,21-04-2022 00:00:00,Platinum,40,1159
245,Emily,Garcia,customer245@example.com,19-08-2022 00:00:00,Bronze,1,1039
246,Mike,Johnson,customer246@example.com,30-07-2022 00:00:00,Bronze,36,1059
247,Sarah,Johnson,customer247@example.com,23-10-2022 00:00:00,Platinum,21,974
248,David,Williams,customer248@example.com,25-03-2020 00:00:00,Silver,43,1916
249,Mike,Johnson,customer249@example.com,23-11-2020 00:00:00,Silver,35,1673
250,Emily,Williams,customer250@example.com,26-03-2022 00:00:00,Gold,13,1185
251,Emily,Smith,customer251@example.com,29-03-2021 00:00:00,Platinum,49,1547
252,Mike,Williams,customer252@example.com,20-09-2021 00:00:00,Platinum,10,1372
253,Emily,Williams,customer253@example.com,29-05-2023 00:00:00,Silver,44,756
254,Mike,Brown,customer254@example.com,23-03-2023 00:00:00,Silver,47,823
255,Jane,Williams,customer255@example.com,26-10-2021 00:00:00,Platinum,10,1336
256,Mike,Williams,customer256@example.com,12-01-2020 00:00:00,Bronze,46,1989
257,Mike,Garcia,customer257@example.com,02-03-2023 00:00:00,Platinum,13,844
258,Emily,Smith,customer258@example.com,30-10-2020 00:00:00,Platinum,37,1697
259,Emily,Brown,customer259@example.com,09-08-2023 00:00:00,Silver,38,684
260,John,Garcia,customer260@example.com,01-09-2022 00:00:00,Silver,24,1026
261,John,Jones,customer261@example.com,16-08-2023 00:00:00,Bronze,2,677
262,Jane,Smith,customer262@example.com,21-02-2022 00:00:00,Bronze,22,1218
263,John,Smith,customer263@example.com,12-02-2020 00:00:00,Gold,17,1958
264,Mike,Jones,customer264@example.com,01-08-2022 00:00:00,Platinum,36,1057
265,Emily,Williams,customer265@example.com,08-12-2020 00:00:00,Silver,14,1658
266,John,Garcia,customer266@example.com,11-09-2023 00:00:00,Bronze,10,651
267,John,Johnson,customer267@example.com,12-05-2021 00:00:00,Gold,35,1503
268,Jane,Brown,customer268@example.com,29-12-2020 00:00:00,Gold,25,1637
269,Sarah,Johnson,customer269@example.com,09-06-2022 00:00:00,Silver,3,1110
270,Jane,Jones,customer270@example.com,02-03-2021 00:00:00,Silver,47,1574
271,Mike,Smith,customer271@example.com,01-10-2022 00:00:00,Gold,38,996
272,Emily,Smith,customer272@example.com,21-01-2020 00:00:00,Bronze,17,1980
273,Jane,Brown,customer273@example.com,10-02-2021 00:00:00,Gold,12,1594
274,John,Smith,customer274@example.com,10-09-2021 00:00:00,Platinum,24,1382
275,Emily,Smith,customer275@example.com,11-10-2022 00:00:00,Platinum,29,986
276,Emily,Brown,customer276@example.com,01-12-2020 00:00:00,Silver,43,1665
277,John,Garcia,customer277@example.com,14-02-2023 00:00:00,Bronze,25,860
278,Jane,Garcia,customer278@example.com,21-02-2023 00:00:00,Bronze,36,853
279,John,Brown,customer279@example.com,02-02-2021 00:00:00,Platinum,26,1602
280,Sarah,Jones,customer280@example.com,03-03-2022 00:00:00,Gold,38,1208
281,Emily,Smith,customer281@example.com,15-12-2021 00:00:00,Silver,1,1286
282,David,Smith,customer282@example.com,20-02-2020 00:00:00,Gold,20,1950
283,David,Jones,customer283@example.com,19-11-2020 00:00:00,Gold,28,1677
284,Mike,Garcia,customer284@example.com,27-02-2022 00:00:00,Gold,16,1212
285,John,Williams,customer285@example.com,20-05-2020 00:00:00,Bronze,47,1860
286,John,Williams,customer286@example.com,14-04-2021 00:00:00,Platinum,17,1531
287,Mike,Williams,customer287@example.com,25-02-2022 00:00:00,Bronze,40,1214
288,Mike,Garcia,customer288@example.com,19-09-2023 00:00:00,Platinum,28,643
289,Mike,Garcia,customer289@example.com,21-08-2022 00:00:00,Silver,12,1037
290,Emily,Jones,customer290@example.com,04-10-2022 00:00:00,Silver,27,993
291,Sarah,Smith,customer291@example.com,07-01-2021 00:00:00,Gold,42,1628
292,John,Jones,customer292@example.com,08-05-2021 00:00:00,Platinum,47,1507
293,Emily,Jones,customer293@example.com,20-01-2022 00:00:00,Platinum,30,1250
294,Mike,Garcia,customer294@example.com,25-03-2023 00:00:00,Platinum,41,821
295,John,Williams,customer295@example.com,17-10-2020 00:00:00,Gold,34,1710
296,Emily,Johnson,customer296@example.com,13-03-2023 00:00:00,Gold,37,833
297,Sarah,Smith,customer297@example.com,15-04-2020 00:00:00,Silver,6,1895
298,Emily,Garcia,customer298@example.com,14-12-2023 00:00:00,Bronze,7,557
299,Sarah,Williams,customer299@example.com,31-10-2021 00:00:00,Platinum,32,1331
300,Mike,Johnson,customer300@example.com,02-01-2020 00:00:00,Platinum,32,1999
301,Sarah,Johnson,customer301@example.com,11-08-2021 00:00:00,Bronze,25,1412
302,John,Garcia,customer302@example.com,05-10-2021 00:00:00,Platinum,33,1357
303,Mike,Brown,customer303@example.com,30-03-2020 00:00:00,Gold,7,1911
304,John,Smith,customer304@example.com,30-09-2023 00:00:00,Gold,12,632
305,David,Johnson,customer305@example.com,15-12-2020 00:00:00,Platinum,16,1651
306,Jane,Garcia,customer306@example.com,10-07-2023 00:00:00,Gold,16,714
307,Sarah,Garcia,customer307@example.com,06-10-2023 00:00:00,Gold,43,626
308,Jane,Williams,customer308@example.com,05-02-2023 00:00:00,Platinum,36,869
309,Jane,Brown,customer309@example.com,28-11-2022 00:00:00,Silver,13,938
310,Sarah,Smith,customer310@example.com,27-06-2022 00:00:00,Bronze,7,1092
311,Mike,Jones,customer311@example.com,07-06-2020 00:00:00,Gold,36,1842
312,David,Williams,customer312@example.com,16-08-2022 00:00:00,Silver,47,1042
313,John,Johnson,customer313@example.com,07-11-2020 00:00:00,Gold,9,1689
314,Emily,Johnson,customer314@example.com,18-06-2023 00:00:00,Gold,32,736
315,John,Williams,customer315@example.com,20-03-2021 00:00:00,Bronze,11,1556
316,Emily,Garcia,customer316@example.com,24-10-2020 00:00:00,Gold,8,1703
317,John,Johnson,customer317@example.com,09-08-2022 00:00:00,Bronze,33,1049
318,Sarah,Brown,customer318@example.com,05-02-2020 00:00:00,Bronze,23,1965
319,David,Smith,customer319@example.com,12-01-2023 00:00:00,Bronze,25,893
320,Emily,Brown,customer320@example.com,09-11-2023 00:00:00,Silver,8,592
321,Mike,Johnson,customer321@example.com,10-04-2023 00:00:00,Platinum,45,805
322,John,Jones,customer322@example.com,31-10-2023 00:00:00,Silver,22,601
323,John,Smith,customer323@example.com,17-10-2023 00:00:00,Platinum,4,615
324,Emily,Smith,customer324@example.com,12-07-2021 00:00:00,Platinum,40,1442
325,Mike,Williams,customer325@example.com,09-06-2022 00:00:00,Bronze,3,1110
326,Mike,Williams,customer326@example.com,20-05-2020 00:00:00,Gold,29,1860
327,Sarah,Jones,customer327@example.com,05-06-2022 00:00:00,Bronze,41,1114
328,Sarah,Garcia,customer328@example.com,15-02-2023 00:00:00,Gold,29,859
329,Sarah,Smith,customer329@example.com,24-07-2023 00:00:00,Platinum,34,700
330,Sarah,Jones,customer330@example.com,26-12-2021 00:00:00,Bronze,34,1275
331,Sarah,Williams,customer331@example.com,28-05-2023 00:00:00,Gold,28,757
332,Sarah,Williams,customer332@example.com,15-11-2022 00:00:00,Silver,13,951
333,David,Smith,customer333@example.com,04-06-2021 00:00:00,Gold,15,1480
334,Mike,Brown,customer334@example.com,10-01-2020 00:00:00,Bronze,23,1991
335,Sarah,Johnson,customer335@example.com,10-09-2022 00:00:00,Silver,44,1017
336,Mike,Williams,customer336@example.com,12-01-2021 00:00:00,Gold,26,1623
337,Mike,Garcia,customer337@example.com,12-11-2021 00:00:00,Gold,4,1319
338,Jane,Garcia,customer338@example.com,06-08-2021 00:00:00,Gold,26,1417
339,David,Williams,customer339@example.com,31-05-2020 00:00:00,Gold,40,1849
340,Sarah,Brown,customer340@example.com,20-12-2021 00:00:00,Gold,9,1281
341,John,Brown,customer341@example.com,08-12-2022 00:00:00,Silver,5,928
342,Emily,Jones,customer342@example.com,23-03-2023 00:00:00,Platinum,32,823
343,John,Garcia,customer343@example.com,08-05-2022 00:00:00,Silver,20,1142
344,David,Jones,customer344@example.com,09-08-2023 00:00:00,Silver,50,684
345,Emily,Garcia,customer345@example.com,19-02-2020 00:00:00,Silver,11,1951
346,David,Johnson,customer346@example.com,25-10-2021 00:00:00,Platinum,15,1337
347,Mike,Johnson,customer347@example.com,14-06-2021 00:00:00,Bronze,32,1470
348,Emily,Smith,customer348@example.com,19-12-2022 00:00:00,Platinum,28,917
349,Mike,Jones,customer349@example.com,05-04-2023 00:00:00,Silver,22,810
350,John,Williams,customer350@example.com,10-05-2023 00:00:00,Gold,41,775
351,John,Jones,customer351@example.com,06-05-2022 00:00:00,Gold,17,1144
352,Emily,Williams,customer352@example.com,25-05-2020 00:00:00,Silver,26,1855
353,Emily,Brown,customer353@example.com,03-07-2022 00:00:00,Gold,44,1086
354,Sarah,Jones,customer354@example.com,19-09-2022 00:00:00,Silver,7,1008
355,David,Brown,customer355@example.com,29-08-2020 00:00:00,Gold,42,1759
356,Sarah,Johnson,customer356@example.com,03-08-2021 00:00:00,Platinum,26,1420
357,David,Johnson,customer357@example.com,17-11-2021 00:00:00,Bronze,25,1314
358,Sarah,Smith,customer358@example.com,27-04-2021 00:00:00,Bronze,10,1518
359,Mike,Jones,customer359@example.com,05-02-2023 00:00:00,Platinum,45,869
360,Emily,Brown,customer360@example.com,03-06-2023 00:00:00,Platinum,19,751
361,John,Williams,customer361@example.com,03-11-2021 00:00:00,Silver,11,1328
362,David,Johnson,customer362@example.com,22-09-2021 00:00:00,Silver,13,1370
363,David,Johnson,customer363@example.com,22-10-2021 00:00:00,Silver,8,1340
364,John,Williams,customer364@example.com,23-10-2021 00:00:00,Gold,40,1339
365,Sarah,Brown,customer365@example.com,26-12-2023 00:00:00,Silver,4,545
366,David,Brown,customer366@example.com,15-03-2022 00:00:00,Platinum,47,1196
367,Mike,Jones,customer367@example.com,22-02-2021 00:00:00,Bronze,31,1582
368,Emily,Jones,customer368@example.com,14-09-2022 00:00:00,Gold,28,1013
369,John,Garcia,customer369@example.com,29-03-2023 00:00:00,Silver,11,817
370,Emily,Garcia,customer370@example.com,11-10-2021 00:00:00,Gold,43,1351
371,David,Smith,customer371@example.com,26-08-2022 00:00:00,Gold,1,1032
372,David,Johnson,customer372@example.com,12-08-2021 00:00:00,Silver,49,1411
373,John,Jones,customer373@example.com,05-01-2023 00:00:00,Gold,47,900
374,Mike,Brown,customer374@example.com,23-05-2021 00:00:00,Bronze,38,1492
375,Jane,Williams,customer375@example.com,16-03-2021 00:00:00,Platinum,24,1560
376,John,Brown,customer376@example.com,01-07-2023 00:00:00,Platinum,47,723
377,Jane,Johnson,customer377@example.com,09-07-2022 00:00:00,Bronze,31,1080
378,Sarah,Garcia,customer378@example.com,08-02-2022 00:00:00,Gold,41,1231
379,Jane,Brown,customer379@example.com,05-09-2023 00:00:00,Silver,46,657
380,Mike,Smith,customer380@example.com,19-09-2020 00:00:00,Gold,50,1738
381,Sarah,Johnson,customer381@example.com,29-10-2023 00:00:00,Bronze,26,603
382,Jane,Garcia,customer382@example.com,28-09-2021 00:00:00,Gold,49,1364
383,Sarah,Williams,customer383@example.com,05-04-2023 00:00:00,Platinum,50,810
384,Jane,Garcia,customer384@example.com,03-04-2021 00:00:00,Gold,5,1542
385,Mike,Smith,customer385@example.com,25-09-2022 00:00:00,Bronze,20,1002
386,Jane,Johnson,customer386@example.com,27-07-2023 00:00:00,Platinum,41,697
387,Jane,Williams,customer387@example.com,30-11-2021 00:00:00,Gold,11,1301
388,Jane,Smith,customer388@example.com,28-10-2020 00:00:00,Gold,33,1699
389,John,Garcia,customer389@example.com,26-05-2023 00:00:00,Platinum,50,759
390,John,Smith,customer390@example.com,30-01-2023 00:00:00,Silver,38,875
391,John,Johnson,customer391@example.com,07-07-2021 00:00:00,Platinum,27,1447
392,Mike,Jones,customer392@example.com,14-10-2020 00:00:00,Silver,34,1713
393,Sarah,Smith,customer393@example.com,05-04-2023 00:00:00,Bronze,15,810
394,David,Smith,customer394@example.com,12-09-2021 00:00:00,Bronze,32,1380
395,Jane,Garcia,customer395@example.com,02-10-2022 00:00:00,Platinum,21,995
396,Jane,Garcia,customer396@example.com,05-02-2020 00:00:00,Platinum,46,1965
397,Mike,Williams,customer397@example.com,13-01-2022 00:00:00,Bronze,5,1257
398,Jane,Garcia,customer398@example.com,18-12-2020 00:00:00,Silver,6,1648
399,John,Brown,customer399@example.com,13-03-2020 00:00:00,Bronze,38,1928
400,David,Johnson,customer400@example.com,09-10-2021 00:00:00,Platinum,22,1353
401,Emily,Johnson,customer401@example.com,08-10-2023 00:00:00,Bronze,18,624
402,Jane,Jones,customer402@example.com,29-12-2022 00:00:00,Platinum,14,907
403,John,Jones,customer403@example.com,28-02-2021 00:00:00,Platinum,10,1576
404,Emily,Johnson,customer404@example.com,25-09-2022 00:00:00,Bronze,46,1002
405,David,Jones,customer405@example.com,08-12-2021 00:00:00,Silver,13,1293
406,Emily,Williams,customer406@example.com,14-07-2021 00:00:00,Gold,31,1440
407,John,Garcia,customer407@example.com,07-04-2022 00:00:00,Bronze,30,1173
408,Sarah,Johnson,customer408@example.com,13-08-2022 00:00:00,Gold,3,1045
409,Sarah,Jones,customer409@example.com,31-05-2021 00:00:00,Bronze,30,1484
410,Emily,Johnson,customer410@example.com,03-03-2021 00:00:00,Gold,6,1573
411,Mike,Brown,customer411@example.com,08-06-2020 00:00:00,Silver,29,1841
412,Emily,Smith,customer412@example.com,28-05-2020 00:00:00,Silver,8,1852
413,Jane,Garcia,customer413@example.com,14-02-2022 00:00:00,Bronze,44,1225
414,Jane,Johnson,customer414@example.com,07-06-2023 00:00:00,Platinum,45,747
415,Sarah,Smith,customer415@example.com,07-03-2020 00:00:00,Gold,43,1934
416,Mike,Jones,customer416@example.com,10-10-2022 00:00:00,Platinum,44,987
417,John,Smith,customer417@example.com,15-01-2021 00:00:00,Platinum,33,1620
418,Jane,Garcia,customer418@example.com,27-02-2020 00:00:00,Platinum,17,1943
419,Sarah,Johnson,customer419@example.com,06-07-2023 00:00:00,Silver,48,718
420,David,Brown,customer420@example.com,07-12-2020 00:00:00,Bronze,11,1659
421,Sarah,Jones,customer421@example.com,27-02-2023 00:00:00,Bronze,13,847
422,Jane,Johnson,customer422@example.com,27-12-2021 00:00:00,Silver,50,1274
423,Jane,Garcia,customer423@example.com,10-04-2023 00:00:00,Silver,11,805
424,Sarah,Jones,customer424@example.com,08-02-2022 00:00:00,Bronze,31,1231
425,John,Williams,customer425@example.com,05-09-2021 00:00:00,Platinum,28,1387
426,Emily,Smith,customer426@example.com,17-05-2023 00:00:00,Gold,44,768
427,Jane,Garcia,customer427@example.com,19-12-2020 00:00:00,Gold,6,1647
428,Sarah,Williams,customer428@example.com,25-04-2020 00:00:00,Gold,41,1885
429,Sarah,Johnson,customer429@example.com,11-07-2023 00:00:00,Platinum,16,713
430,Mike,Brown,customer430@example.com,23-10-2021 00:00:00,Bronze,4,1339
431,Emily,Jones,customer431@example.com,28-03-2021 00:00:00,Silver,35,1548
432,David,Smith,customer432@example.com,13-10-2020 00:00:00,Bronze,48,1714
433,John,Jones,customer433@example.com,19-08-2023 00:00:00,Platinum,26,674
434,David,Johnson,customer434@example.com,13-10-2022 00:00:00,Silver,12,984
435,Emily,Jones,customer435@example.com,06-11-2020 00:00:00,Platinum,11,1690
436,Emily,Smith,customer436@example.com,26-07-2020 00:00:00,Gold,37,1793
437,Emily,Johnson,customer437@example.com,09-09-2021 00:00:00,Gold,25,1383
438,David,Jones,customer438@example.com,21-03-2021 00:00:00,Platinum,18,1555
439,Emily,Brown,customer439@example.com,31-10-2021 00:00:00,Silver,19,1331
440,Sarah,Garcia,customer440@example.com,24-09-2021 00:00:00,Silver,23,1368
441,David,Johnson,customer441@example.com,24-02-2020 00:00:00,Bronze,38,1946
442,Emily,Garcia,customer442@example.com,30-06-2022 00:00:00,Gold,18,1089
443,Sarah,Johnson,customer443@example.com,01-11-2022 00:00:00,Bronze,26,965
444,Mike,Brown,customer444@example.com,18-10-2021 00:00:00,Bronze,6,1344
445,Emily,Garcia,customer445@example.com,24-11-2023 00:00:00,Platinum,4,577
446,David,Williams,customer446@example.com,06-09-2022 00:00:00,Platinum,44,1021
447,Jane,Smith,customer447@example.com,29-05-2021 00:00:00,Bronze,29,1486
448,Emily,Williams,customer448@example.com,24-08-2020 00:00:00,Gold,34,1764
449,Jane,Jones,customer449@example.com,26-07-2023 00:00:00,Platinum,17,698
450,Sarah,Brown,customer450@example.com,13-12-2020 00:00:00,Bronze,43,1653
451,Mike,Williams,customer451@example.com,18-09-2021 00:00:00,Bronze,43,1374
452,John,Johnson,customer452@example.com,01-02-2023 00:00:00,Bronze,16,873
453,Mike,Jones,customer453@example.com,21-09-2021 00:00:00,Bronze,2,1371
454,Emily,Jones,customer454@example.com,25-06-2023 00:00:00,Bronze,34,729
455,Jane,Williams,customer455@example.com,29-12-2020 00:00:00,Bronze,8,1637
456,Jane,Williams,customer456@example.com,16-11-2020 00:00:00,Platinum,13,1680
457,David,Brown,customer457@example.com,12-10-2020 00:00:00,Gold,42,1715
458,Jane,Smith,customer458@example.com,28-05-2020 00:00:00,Bronze,8,1852
459,David,Williams,customer459@example.com,12-01-2023 00:00:00,Silver,30,893
460,Sarah,Williams,customer460@example.com,09-02-2021 00:00:00,Platinum,32,1595
461,John,Garcia,customer461@example.com,04-09-2022 00:00:00,Platinum,36,1023
462,Emily,Johnson,customer462@example.com,31-03-2021 00:00:00,Bronze,47,1545
463,David,Garcia,customer463@example.com,10-03-2022 00:00:00,Platinum,30,1201
464,John,Garcia,customer464@example.com,30-03-2023 00:00:00,Bronze,1,816
465,Jane,Jones,customer465@example.com,09-10-2022 00:00:00,Gold,43,988
466,Jane,Smith,customer466@example.com,22-02-2022 00:00:00,Gold,39,1217
467,John,Johnson,customer467@example.com,04-04-2021 00:00:00,Platinum,17,1541
468,Jane,Brown,customer468@example.com,07-01-2022 00:00:00,Platinum,20,1263
469,Sarah,Brown,customer469@example.com,23-05-2021 00:00:00,Silver,24,1492
470,Sarah,Williams,customer470@example.com,25-04-2021 00:00:00,Platinum,50,1520
471,John,Williams,customer471@example.com,23-04-2020 00:00:00,Silver,22,1887
472,David,Brown,customer472@example.com,18-01-2022 00:00:00,Gold,29,1252
473,David,Williams,customer473@example.com,26-12-2020 00:00:00,Gold,22,1640
474,John,Smith,customer474@example.com,06-12-2020 00:00:00,Bronze,44,1660
475,David,Garcia,customer475@example.com,08-02-2022 00:00:00,Gold,9,1231
476,David,Williams,customer476@example.com,30-01-2022 00:00:00,Silver,37,1240
477,Sarah,Jones,customer477@example.com,26-08-2022 00:00:00,Platinum,10,1032
478,David,Williams,customer478@example.com,24-03-2021 00:00:00,Bronze,36,1552
479,Mike,Johnson,customer479@example.com,14-04-2022 00:00:00,Silver,37,1166
480,Emily,Smith,customer480@example.com,18-04-2023 00:00:00,Platinum,28,797
481,Jane,Johnson,customer481@example.com,01-12-2023 00:00:00,Bronze,28,570
482,Mike,Johnson,customer482@example.com,04-05-2023 00:00:00,Gold,42,781
483,David,Jones,customer483@example.com,06-11-2020 00:00:00,Silver,43,1690
484,Sarah,Smith,customer484@example.com,18-09-2020 00:00:00,Platinum,21,1739
485,John,Smith,customer485@example.com,13-12-2023 00:00:00,Bronze,24,558
486,David,Smith,customer486@example.com,09-02-2021 00:00:00,Bronze,42,1595
487,Sarah,Smith,customer487@example.com,22-05-2020 00:00:00,Gold,40,1858
488,Emily,Smith,customer488@example.com,07-12-2020 00:00:00,Platinum,2,1659
489,David,Jones,customer489@example.com,01-09-2023 00:00:00,Gold,8,661
490,John,Williams,customer490@example.com,29-01-2023 00:00:00,Gold,48,876
491,Sarah,Johnson,customer491@example.com,31-08-2020 00:00:00,Platinum,27,1757
492,Sarah,Smith,customer492@example.com,04-05-2021 00:00:00,Platinum,22,1511
493,Sarah,Williams,customer493@example.com,12-01-2020 00:00:00,Platinum,37,1989
494,Emily,Williams,customer494@example.com,16-06-2023 00:00:00,Silver,27,738
495,David,Johnson,customer495@example.com,14-07-2021 00:00:00,Platinum,29,1440
496,Emily,Jones,customer496@example.com,11-02-2020 00:00:00,Bronze,3,1959
497,Jane,Brown,customer497@example.com,08-11-2021 00:00:00,Gold,44,1323
498,Jane,Brown,customer498@example.com,16-08-2021 00:00:00,Silver,13,1407
499,David,Williams,customer499@example.com,23-12-2023 00:00:00,Platinum,45,548
500,Emily,Garcia,customer500@example.com,27-03-2023 00:00:00,Silver,10,819
501,John,Garcia,customer501@example.com,24-05-2023 00:00:00,Platinum,36,761
502,Sarah,Johnson,customer502@example.com,13-05-2020 00:00:00,Silver,9,1867
503,Sarah,Brown,customer503@example.com,26-12-2022 00:00:00,Gold,27,910
504,David,Williams,customer504@example.com,27-10-2022 00:00:00,Gold,34,970
505,Jane,Jones,customer505@example.com,05-08-2022 00:00:00,Bronze,1,1053
506,Jane,Brown,customer506@example.com,13-03-2020 00:00:00,Bronze,32,1928
507,Sarah,Williams,customer507@example.com,02-02-2021 00:00:00,Platinum,25,1602
508,David,Williams,customer508@example.com,29-11-2023 00:00:00,Gold,29,572
509,Emily,Smith,customer509@example.com,31-07-2021 00:00:00,Silver,7,1423
510,Jane,Jones,customer510@example.com,08-05-2022 00:00:00,Silver,49,1142
511,Emily,Smith,customer511@example.com,09-05-2020 00:00:00,Silver,3,1871
512,Jane,Johnson,customer512@example.com,19-07-2022 00:00:00,Bronze,20,1070
513,Jane,Smith,customer513@example.com,14-05-2023 00:00:00,Silver,20,771
514,Mike,Smith,customer514@example.com,22-09-2020 00:00:00,Bronze,30,1735
515,Jane,Brown,customer515@example.com,03-03-2022 00:00:00,Bronze,35,1208
516,John,Garcia,customer516@example.com,09-09-2020 00:00:00,Platinum,35,1748
517,David,Williams,customer517@example.com,01-04-2022 00:00:00,Silver,49,1179
518,David,Jones,customer518@example.com,05-08-2023 00:00:00,Silver,39,688
519,Emily,Smith,customer519@example.com,12-06-2020 00:00:00,Gold,27,1837
520,Jane,Jones,customer520@example.com,04-04-2020 00:00:00,Platinum,26,1906
521,John,Garcia,customer521@example.com,12-04-2022 00:00:00,Gold,14,1168
522,Emily,Garcia,customer522@example.com,07-02-2023 00:00:00,Platinum,17,867
523,Mike,Smith,customer523@example.com,01-12-2020 00:00:00,Silver,18,1665
524,Emily,Johnson,customer524@example.com,01-04-2022 00:00:00,Bronze,45,1179
525,Emily,Smith,customer525@example.com,25-08-2020 00:00:00,Bronze,29,1763
526,Jane,Brown,customer526@example.com,15-01-2021 00:00:00,Bronze,20,1620
527,Mike,Williams,customer527@example.com,30-12-2023 00:00:00,Bronze,27,541
528,Emily,Johnson,customer528@example.com,17-06-2022 00:00:00,Bronze,18,1102
529,John,Smith,customer529@example.com,27-04-2021 00:00:00,Gold,4,1518
530,John,Jones,customer530@example.com,20-06-2022 00:00:00,Platinum,1,1099
531,David,Johnson,customer531@example.com,14-11-2022 00:00:00,Silver,50,952
532,Mike,Johnson,customer532@example.com,14-02-2023 00:00:00,Gold,1,860
533,Mike,Smith,customer533@example.com,26-04-2021 00:00:00,Platinum,26,1519
534,David,Johnson,customer534@example.com,16-11-2023 00:00:00,Bronze,45,585
535,Emily,Jones,customer535@example.com,05-07-2022 00:00:00,Platinum,20,1084
536,Mike,Garcia,customer536@example.com,20-09-2022 00:00:00,Platinum,23,1007
537,John,Johnson,customer537@example.com,21-08-2022 00:00:00,Bronze,10,1037
538,John,Garcia,customer538@example.com,20-06-2021 00:00:00,Bronze,11,1464
539,Jane,Jones,customer539@example.com,07-01-2023 00:00:00,Bronze,41,898
540,Mike,Smith,customer540@example.com,11-04-2023 00:00:00,Silver,41,804
541,Emily,Williams,customer541@example.com,01-11-2022 00:00:00,Bronze,5,965
542,David,Johnson,customer542@example.com,07-05-2020 00:00:00,Silver,1,1873
543,David,Williams,customer543@example.com,01-04-2020 00:00:00,Bronze,17,1909
544,Emily,Jones,customer544@example.com,26-06-2021 00:00:00,Silver,22,1458
545,Sarah,Johnson,customer545@example.com,25-04-2022 00:00:00,Platinum,34,1155
546,Jane,Garcia,customer546@example.com,15-09-2022 00:00:00,Gold,45,1012
547,David,Brown,customer547@example.com,22-03-2021 00:00:00,Platinum,41,1554
548,Mike,Williams,customer548@example.com,24-01-2021 00:00:00,Platinum,29,1611
549,Jane,Johnson,customer549@example.com,02-11-2021 00:00:00,Bronze,4,1329
550,Mike,Williams,customer550@example.com,12-02-2020 00:00:00,Silver,5,1958
551,John,Johnson,customer551@example.com,10-09-2020 00:00:00,Gold,11,1747
552,Jane,Smith,customer552@example.com,27-02-2023 00:00:00,Bronze,21,847
553,David,Garcia,customer553@example.com,19-12-2022 00:00:00,Bronze,35,917
554,Jane,Williams,customer554@example.com,24-10-2021 00:00:00,Bronze,12,1338
555,Jane,Brown,customer555@example.com,11-04-2021 00:00:00,Platinum,26,1534
556,Jane,Brown,customer556@example.com,13-10-2020 00:00:00,Silver,19,1714
557,Sarah,Jones,customer557@example.com,07-10-2022 00:00:00,Silver,45,990
558,Jane,Johnson,customer558@example.com,16-02-2022 00:00:00,Gold,7,1223
559,Mike,Williams,customer559@example.com,10-12-2020 00:00:00,Silver,47,1656
560,John,Jones,customer560@example.com,03-10-2021 00:00:00,Silver,7,1359
561,Emily,Williams,customer561@example.com,16-01-2021 00:00:00,Bronze,26,1619
562,Jane,Johnson,customer562@example.com,20-11-2021 00:00:00,Bronze,40,1311
563,David,Brown,customer563@example.com,30-06-2023 00:00:00,Platinum,5,724
564,Jane,Smith,customer564@example.com,15-12-2022 00:00:00,Bronze,21,921
565,David,Brown,customer565@example.com,01-04-2021 00:00:00,Bronze,14,1544
566,Mike,Jones,customer566@example.com,09-09-2022 00:00:00,Bronze,4,1018
567,David,Garcia,customer567@example.com,23-03-2020 00:00:00,Bronze,23,1918
568,Emily,Smith,customer568@example.com,27-01-2023 00:00:00,Platinum,42,878
569,John,Jones,customer569@example.com,28-05-2020 00:00:00,Bronze,20,1852
570,David,Johnson,customer570@example.com,14-09-2023 00:00:00,Gold,15,648
571,David,Smith,customer571@example.com,25-03-2023 00:00:00,Gold,50,821
572,John,Jones,customer572@example.com,08-07-2020 00:00:00,Gold,45,1811
573,Emily,Johnson,customer573@example.com,01-06-2022 00:00:00,Gold,29,1118
574,Jane,Brown,customer574@example.com,19-09-2020 00:00:00,Bronze,8,1738
575,David,Garcia,customer575@example.com,08-01-2023 00:00:00,Gold,41,897
576,John,Johnson,customer576@example.com,03-02-2021 00:00:00,Bronze,48,1601
577,Mike,Williams,customer577@example.com,02-02-2022 00:00:00,Platinum,19,1237
578,John,Johnson,customer578@example.com,31-08-2021 00:00:00,Gold,48,1392
579,Mike,Johnson,customer579@example.com,07-07-2023 00:00:00,Silver,39,717
580,Emily,Garcia,customer580@example.com,23-02-2022 00:00:00,Gold,46,1216
581,Jane,Williams,customer581@example.com,10-04-2020 00:00:00,Gold,28,1900
582,John,Jones,customer582@example.com,14-10-2023 00:00:00,Bronze,46,618
583,Sarah,Jones,customer583@example.com,04-11-2023 00:00:00,Gold,27,597
584,David,Johnson,customer584@example.com,30-03-2022 00:00:00,Silver,4,1181
585,Emily,Williams,customer585@example.com,29-05-2023 00:00:00,Bronze,15,756
586,John,Williams,customer586@example.com,30-03-2022 00:00:00,Bronze,35,1181
587,David,Garcia,customer587@example.com,23-02-2021 00:00:00,Platinum,37,1581
588,John,Brown,customer588@example.com,03-05-2020 00:00:00,Platinum,1,1877
589,Mike,Jones,customer589@example.com,25-02-2021 00:00:00,Gold,3,1579
590,John,Garcia,customer590@example.com,08-06-2023 00:00:00,Platinum,47,746
591,Sarah,Smith,customer591@example.com,22-12-2022 00:00:00,Platinum,24,914
592,John,Jones,customer592@example.com,06-02-2022 00:00:00,Platinum,27,1233
593,John,Garcia,customer593@example.com,27-04-2021 00:00:00,Bronze,40,1518
594,Sarah,Jones,customer594@example.com,02-06-2021 00:00:00,Bronze,36,1482
595,Emily,Brown,customer595@example.com,03-06-2020 00:00:00,Bronze,34,1846
596,John,Smith,customer596@example.com,01-04-2020 00:00:00,Platinum,29,1909
597,Sarah,Brown,customer597@example.com,08-09-2022 00:00:00,Bronze,24,1019
598,David,Smith,customer598@example.com,30-03-2021 00:00:00,Platinum,24,1546
599,Mike,Johnson,customer599@example.com,20-08-2021 00:00:00,Bronze,42,1403
600,Mike,Garcia,customer600@example.com,24-05-2021 00:00:00,Bronze,4,1491
601,John,Smith,customer601@example.com,21-04-2023 00:00:00,Silver,3,794
602,Emily,Brown,customer602@example.com,20-01-2021 00:00:00,Gold,34,1615
603,Emily,Jones,customer603@example.com,08-02-2021 00:00:00,Platinum,49,1596
604,David,Smith,customer604@example.com,02-09-2020 00:00:00,Silver,23,1755
605,John,Garcia,customer605@example.com,11-01-2022 00:00:00,Bronze,23,1259
606,Mike,Smith,customer606@example.com,22-10-2021 00:00:00,Platinum,45,1340
607,Emily,Williams,customer607@example.com,11-10-2021 00:00:00,Bronze,5,1351
608,John,Jones,customer608@example.com,17-12-2023 00:00:00,Gold,31,554
609,Emily,Garcia,customer609@example.com,19-06-2022 00:00:00,Silver,41,1100
610,Sarah,Garcia,customer610@example.com,05-03-2020 00:00:00,Gold,6,1936
611,Emily,Johnson,customer611@example.com,02-11-2022 00:00:00,Silver,37,964
612,Mike,Brown,customer612@example.com,31-07-2020 00:00:00,Bronze,10,1788
613,Jane,Johnson,customer613@example.com,29-08-2020 00:00:00,Gold,40,1759
614,David,Garcia,customer614@example.com,07-05-2021 00:00:00,Gold,7,1508
615,David,Jones,customer615@example.com,21-05-2023 00:00:00,Bronze,39,764
616,Mike,Smith,customer616@example.com,03-12-2020 00:00:00,Gold,38,1663
617,Emily,Smith,customer617@example.com,21-06-2020 00:00:00,Platinum,21,1828
618,John,Jones,customer618@example.com,02-11-2021 00:00:00,Silver,20,1329
619,Emily,Garcia,customer619@example.com,12-06-2020 00:00:00,Silver,3,1837
620,Mike,Smith,customer620@example.com,09-04-2021 00:00:00,Silver,22,1536
621,David,Smith,customer621@example.com,21-09-2022 00:00:00,Platinum,47,1006
622,Emily,Smith,customer622@example.com,11-05-2021 00:00:00,Silver,4,1504
623,David,Brown,customer623@example.com,30-11-2021 00:00:00,Bronze,28,1301
624,John,Brown,customer624@example.com,29-01-2021 00:00:00,Gold,12,1606
625,David,Williams,customer625@example.com,03-12-2021 00:00:00,Platinum,38,1298
626,David,Johnson,customer626@example.com,03-11-2020 00:00:00,Silver,36,1693
627,Jane,Jones,customer627@example.com,01-07-2020 00:00:00,Bronze,47,1818
628,Jane,Jones,customer628@example.com,20-09-2021 00:00:00,Gold,41,1372
629,Sarah,Jones,customer629@example.com,24-05-2021 00:00:00,Gold,5,1491
630,Jane,Williams,customer630@example.com,29-06-2021 00:00:00,Platinum,13,1455
631,David,Brown,customer631@example.com,15-09-2021 00:00:00,Platinum,23,1377
632,Mike,Garcia,customer632@example.com,16-08-2021 00:00:00,Platinum,50,1407
633,David,Garcia,customer633@example.com,13-01-2022 00:00:00,Bronze,30,1257
634,Mike,Williams,customer634@example.com,04-06-2023 00:00:00,Bronze,37,750
635,Mike,Garcia,customer635@example.com,30-12-2023 00:00:00,Platinum,25,541
636,Jane,Jones,customer636@example.com,16-12-2023 00:00:00,Silver,48,555
637,Emily,Johnson,customer637@example.com,07-07-2021 00:00:00,Gold,27,1447
638,John,Smith,customer638@example.com,21-01-2020 00:00:00,Gold,14,1980
639,Jane,Brown,customer639@example.com,07-07-2021 00:00:00,Bronze,48,1447
640,Jane,Brown,customer640@example.com,31-01-2021 00:00:00,Gold,47,1604
641,Emily,Williams,customer641@example.com,16-09-2021 00:00:00,Silver,36,1376
642,John,Brown,customer642@example.com,14-04-2020 00:00:00,Gold,39,1896
643,David,Jones,customer643@example.com,10-07-2020 00:00:00,Bronze,16,1809
644,Sarah,Garcia,customer644@example.com,17-01-2020 00:00:00,Bronze,22,1984
645,Sarah,Jones,customer645@example.com,17-02-2023 00:00:00,Silver,21,857
646,David,Williams,customer646@example.com,27-01-2021 00:00:00,Silver,21,1608
647,Jane,Jones,customer647@example.com,28-02-2021 00:00:00,Gold,8,1576
648,John,Garcia,customer648@example.com,08-05-2020 00:00:00,Gold,49,1872
649,Jane,Johnson,customer649@example.com,27-02-2023 00:00:00,Bronze,16,847
650,Mike,Williams,customer650@example.com,25-07-2021 00:00:00,Silver,31,1429
651,Jane,Johnson,customer651@example.com,29-01-2020 00:00:00,Silver,42,1972
652,Jane,Smith,customer652@example.com,25-01-2023 00:00:00,Silver,10,880
653,David,Johnson,customer653@example.com,30-10-2022 00:00:00,Gold,32,967
654,David,Smith,customer654@example.com,29-08-2020 00:00:00,Silver,34,1759
655,David,Smith,customer655@example.com,19-08-2020 00:00:00,Bronze,9,1769
656,Sarah,Johnson,customer656@example.com,27-02-2022 00:00:00,Bronze,17,1212
657,Mike,Williams,customer657@example.com,31-07-2023 00:00:00,Gold,11,693
658,David,Garcia,customer658@example.com,15-12-2021 00:00:00,Platinum,32,1286
659,John,Jones,customer659@example.com,28-01-2022 00:00:00,Gold,10,1242
660,Sarah,Jones,customer660@example.com,12-03-2022 00:00:00,Platinum,22,1199
661,Emily,Garcia,customer661@example.com,14-02-2022 00:00:00,Silver,17,1225
662,John,Smith,customer662@example.com,26-12-2021 00:00:00,Gold,4,1275
663,John,Smith,customer663@example.com,18-07-2020 00:00:00,Bronze,48,1801
664,David,Williams,customer664@example.com,02-08-2022 00:00:00,Silver,47,1056
665,Emily,Brown,customer665@example.com,19-03-2020 00:00:00,Bronze,25,1922
666,Emily,Johnson,customer666@example.com,13-08-2022 00:00:00,Silver,21,1045
667,Sarah,Smith,customer667@example.com,05-05-2022 00:00:00,Gold,37,1145
668,Emily,Jones,customer668@example.com,11-04-2023 00:00:00,Platinum,38,804
669,Mike,Williams,customer669@example.com,11-04-2021 00:00:00,Silver,49,1534
670,David,Johnson,customer670@example.com,03-08-2021 00:00:00,Platinum,1,1420
671,Emily,Williams,customer671@example.com,10-12-2023 00:00:00,Silver,25,561
672,Sarah,Johnson,customer672@example.com,28-07-2022 00:00:00,Bronze,36,1061
673,Mike,Johnson,customer673@example.com,24-03-2021 00:00:00,Bronze,17,1552
674,Jane,Garcia,customer674@example.com,27-03-2020 00:00:00,Silver,41,1914
675,Jane,Smith,customer675@example.com,10-04-2020 00:00:00,Platinum,24,1900
676,Mike,Williams,customer676@example.com,28-10-2022 00:00:00,Gold,2,969
677,Sarah,Williams,customer677@example.com,24-04-2022 00:00:00,Gold,40,1156
678,Mike,Garcia,customer678@example.com,08-05-2023 00:00:00,Bronze,15,777
679,David,Jones,customer679@example.com,27-03-2020 00:00:00,Gold,32,1914
680,David,Jones,customer680@example.com,12-02-2020 00:00:00,Bronze,39,1958
681,Jane,Smith,customer681@example.com,09-11-2023 00:00:00,Gold,6,592
682,Emily,Smith,customer682@example.com,29-12-2023 00:00:00,Silver,1,542
683,Sarah,Brown,customer683@example.com,11-02-2021 00:00:00,Bronze,47,1593
684,Jane,Garcia,customer684@example.com,25-10-2021 00:00:00,Bronze,23,1337
685,Emily,Jones,customer685@example.com,06-11-2022 00:00:00,Silver,39,960
686,Emily,Johnson,customer686@example.com,27-05-2020 00:00:00,Bronze,17,1853
687,David,Williams,customer687@example.com,03-10-2020 00:00:00,Gold,34,1724
688,John,Smith,customer688@example.com,19-08-2020 00:00:00,Gold,41,1769
689,John,Williams,customer689@example.com,31-12-2020 00:00:00,Bronze,29,1635
690,Mike,Williams,customer690@example.com,05-06-2023 00:00:00,Gold,9,749
691,David,Brown,customer691@example.com,11-03-2021 00:00:00,Platinum,13,1565
692,Emily,Jones,customer692@example.com,02-02-2021 00:00:00,Bronze,6,1602
693,Sarah,Smith,customer693@example.com,19-05-2023 00:00:00,Silver,6,766
694,John,Williams,customer694@example.com,15-11-2023 00:00:00,Platinum,20,586
695,Emily,Smith,customer695@example.com,13-05-2021 00:00:00,Bronze,3,1502
696,John,Johnson,customer696@example.com,23-06-2021 00:00:00,Silver,17,1461
697,John,Brown,customer697@example.com,16-07-2021 00:00:00,Gold,49,1438
698,John,Johnson,customer698@example.com,17-03-2021 00:00:00,Silver,12,1559
699,Sarah,Smith,customer699@example.com,08-07-2023 00:00:00,Platinum,48,716
700,David,Smith,customer700@example.com,11-02-2022 00:00:00,Gold,47,1228
701,Sarah,Jones,customer701@example.com,15-12-2020 00:00:00,Bronze,45,1651
702,Jane,Williams,customer702@example.com,07-10-2023 00:00:00,Gold,1,625
703,Emily,Williams,customer703@example.com,03-06-2021 00:00:00,Bronze,17,1481
704,David,Johnson,customer704@example.com,05-09-2023 00:00:00,Bronze,3,657
705,David,Brown,customer705@example.com,17-05-2020 00:00:00,Silver,26,1863
706,David,Garcia,customer706@example.com,18-09-2022 00:00:00,Silver,15,1009
707,David,Williams,customer707@example.com,02-01-2021 00:00:00,Silver,36,1633
708,Sarah,Jones,customer708@example.com,28-05-2023 00:00:00,Platinum,32,757
709,David,Johnson,customer709@example.com,22-09-2023 00:00:00,Platinum,32,640
710,Mike,Johnson,customer710@example.com,31-05-2023 00:00:00,Silver,4,754
711,Emily,Garcia,customer711@example.com,25-12-2020 00:00:00,Platinum,18,1641
712,David,Jones,customer712@example.com,09-07-2022 00:00:00,Gold,49,1080
713,Emily,Brown,customer713@example.com,24-11-2020 00:00:00,Gold,19,1672
714,Mike,Jones,customer714@example.com,19-08-2022 00:00:00,Platinum,43,1039
715,Mike,Brown,customer715@example.com,07-04-2021 00:00:00,Platinum,35,1538
716,Emily,Jones,customer716@example.com,03-08-2022 00:00:00,Gold,40,1055
717,John,Jones,customer717@example.com,20-08-2022 00:00:00,Bronze,14,1038
718,Jane,Smith,customer718@example.com,06-11-2023 00:00:00,Gold,33,595
719,John,Johnson,customer719@example.com,15-04-2022 00:00:00,Gold,14,1165
720,John,Jones,customer720@example.com,17-06-2020 00:00:00,Platinum,34,1832
721,Sarah,Garcia,customer721@example.com,04-08-2020 00:00:00,Gold,4,1784
722,John,Jones,customer722@example.com,12-01-2021 00:00:00,Platinum,24,1623
723,David,Williams,customer723@example.com,28-04-2020 00:00:00,Platinum,29,1882
724,Sarah,Johnson,customer724@example.com,08-07-2020 00:00:00,Silver,19,1811
725,Sarah,Williams,customer725@example.com,05-02-2022 00:00:00,Gold,6,1234
726,Mike,Johnson,customer726@example.com,04-01-2021 00:00:00,Bronze,33,1631
727,John,Williams,customer727@example.com,28-05-2020 00:00:00,Silver,49,1852
728,Mike,Jones,customer728@example.com,13-10-2021 00:00:00,Platinum,40,1349
729,Emily,Jones,customer729@example.com,08-02-2022 00:00:00,Platinum,19,1231
730,Jane,Smith,customer730@example.com,08-01-2021 00:00:00,Bronze,1,1627
731,Sarah,Garcia,customer731@example.com,19-02-2022 00:00:00,Platinum,5,1220
732,Emily,Williams,customer732@example.com,08-06-2020 00:00:00,Gold,27,1841
733,Emily,Brown,customer733@example.com,16-12-2020 00:00:00,Silver,16,1650
734,David,Smith,customer734@example.com,04-08-2023 00:00:00,Platinum,6,689
735,Jane,Williams,customer735@example.com,04-08-2023 00:00:00,Platinum,40,689
736,Emily,Williams,customer736@example.com,10-06-2022 00:00:00,Bronze,13,1109
737,Emily,Smith,customer737@example.com,03-06-2023 00:00:00,Gold,48,751
738,Jane,Jones,customer738@example.com,06-06-2021 00:00:00,Platinum,35,1478
739,Jane,Williams,customer739@example.com,05-06-2021 00:00:00,Bronze,19,1479
740,Emily,Jones,customer740@example.com,21-02-2022 00:00:00,Platinum,12,1218
741,Jane,Smith,customer741@example.com,29-09-2020 00:00:00,Bronze,16,1728
742,Emily,Jones,customer742@example.com,24-07-2022 00:00:00,Bronze,43,1065
743,Emily,Johnson,customer743@example.com,26-11-2023 00:00:00,Gold,10,575
744,David,Brown,customer744@example.com,01-07-2020 00:00:00,Platinum,25,1818
745,John,Williams,customer745@example.com,02-05-2021 00:00:00,Gold,20,1513
746,Emily,Garcia,customer746@example.com,25-04-2022 00:00:00,Bronze,31,1155
747,Mike,Brown,customer747@example.com,03-05-2020 00:00:00,Silver,4,1877
748,Sarah,Jones,customer748@example.com,11-09-2022 00:00:00,Platinum,44,1016
749,John,Williams,customer749@example.com,28-02-2022 00:00:00,Silver,23,1211
750,John,Jones,customer750@example.com,17-02-2021 00:00:00,Platinum,2,1587
751,John,Johnson,customer751@example.com,10-04-2023 00:00:00,Gold,22,805
752,David,Smith,customer752@example.com,04-08-2023 00:00:00,Gold,37,689
753,Emily,Williams,customer753@example.com,29-12-2023 00:00:00,Gold,8,542
754,David,Johnson,customer754@example.com,16-11-2021 00:00:00,Gold,7,1315
755,Emily,Johnson,customer755@example.com,22-04-2020 00:00:00,Gold,14,1888
756,David,Williams,customer756@example.com,06-06-2022 00:00:00,Silver,3,1113
757,David,Jones,customer757@example.com,01-05-2020 00:00:00,Gold,50,1879
758,Sarah,Garcia,customer758@example.com,30-05-2023 00:00:00,Bronze,16,755
759,Mike,Johnson,customer759@example.com,08-02-2020 00:00:00,Bronze,19,1962
760,David,Brown,customer760@example.com,11-05-2021 00:00:00,Silver,18,1504
761,Sarah,Johnson,customer761@example.com,18-02-2022 00:00:00,Platinum,16,1221
762,Jane,Garcia,customer762@example.com,10-06-2023 00:00:00,Bronze,8,744
763,Mike,Jones,customer763@example.com,31-07-2022 00:00:00,Platinum,33,1058
764,David,Jones,customer764@example.com,28-05-2020 00:00:00,Silver,49,1852
765,John,Brown,customer765@example.com,21-11-2023 00:00:00,Platinum,12,580
766,Jane,Johnson,customer766@example.com,18-10-2022 00:00:00,Platinum,11,979
767,Jane,Jones,customer767@example.com,22-10-2021 00:00:00,Platinum,5,1340
768,Sarah,Garcia,customer768@example.com,28-10-2020 00:00:00,Platinum,27,1699
769,Jane,Williams,customer769@example.com,15-10-2023 00:00:00,Silver,12,617
770,Mike,Smith,customer770@example.com,25-08-2020 00:00:00,Bronze,17,1763
771,David,Smith,customer771@example.com,08-10-2021 00:00:00,Gold,6,1354
772,David,Smith,customer772@example.com,24-10-2021 00:00:00,Platinum,33,1338
773,John,Johnson,customer773@example.com,23-08-2020 00:00:00,Bronze,5,1765
774,Sarah,Brown,customer774@example.com,21-07-2020 00:00:00,Bronze,28,1798
775,John,Jones,customer775@example.com,12-09-2020 00:00:00,Silver,14,1745
776,Jane,Williams,customer776@example.com,20-08-2021 00:00:00,Bronze,5,1403
777,John,Garcia,customer777@example.com,23-10-2021 00:00:00,Silver,33,1339
778,Mike,Williams,customer778@example.com,22-08-2020 00:00:00,Platinum,50,1766
779,David,Garcia,customer779@example.com,30-09-2023 00:00:00,Platinum,48,632
780,Jane,Johnson,customer780@example.com,17-06-2021 00:00:00,Gold,41,1467
781,John,Smith,customer781@example.com,09-05-2022 00:00:00,Gold,19,1141
782,Sarah,Johnson,customer782@example.com,08-02-2022 00:00:00,Gold,22,1231
783,Mike,Brown,customer783@example.com,24-06-2021 00:00:00,Bronze,5,1460
784,Mike,Brown,customer784@example.com,31-07-2020 00:00:00,Platinum,2,1788
785,John,Garcia,customer785@example.com,07-04-2021 00:00:00,Silver,30,1538
786,David,Jones,customer786@example.com,11-03-2021 00:00:00,Gold,47,1565
787,John,Jones,customer787@example.com,09-10-2020 00:00:00,Silver,39,1718
788,Jane,Garcia,customer788@example.com,01-12-2023 00:00:00,Silver,4,570
789,John,Brown,customer789@example.com,28-03-2020 00:00:00,Gold,33,1913
790,Mike,Brown,customer790@example.com,03-12-2022 00:00:00,Platinum,13,933
791,John,Brown,customer791@example.com,05-04-2021 00:00:00,Gold,20,1540
792,David,Johnson,customer792@example.com,04-10-2020 00:00:00,Silver,7,1723
793,Sarah,Brown,customer793@example.com,24-02-2021 00:00:00,Gold,15,1580
794,Emily,Williams,customer794@example.com,08-10-2023 00:00:00,Silver,23,624
795,John,Smith,customer795@example.com,26-11-2021 00:00:00,Silver,14,1305
796,David,Brown,customer796@example.com,29-05-2021 00:00:00,Gold,23,1486
797,David,Garcia,customer797@example.com,03-12-2021 00:00:00,Bronze,19,1298
798,Sarah,Smith,customer798@example.com,19-01-2020 00:00:00,Gold,29,1982
799,Mike,Johnson,customer799@example.com,23-01-2020 00:00:00,Bronze,20,1978
800,David,Garcia,customer800@example.com,16-02-2021 00:00:00,Silver,29,1588
801,David,Smith,customer801@example.com,19-11-2022 00:00:00,Silver,24,947
802,David,Garcia,customer802@example.com,17-04-2020 00:00:00,Bronze,18,1893
803,David,Johnson,customer803@example.com,22-10-2023 00:00:00,Silver,10,610
804,Jane,Williams,customer804@example.com,28-07-2023 00:00:00,Bronze,41,696
805,Jane,Johnson,customer805@example.com,25-02-2023 00:00:00,Bronze,8,849
806,Mike,Johnson,customer806@example.com,06-06-2023 00:00:00,Silver,26,748
807,John,Garcia,customer807@example.com,08-02-2023 00:00:00,Platinum,29,866
808,David,Jones,customer808@example.com,15-05-2020 00:00:00,Bronze,10,1865
809,Sarah,Brown,customer809@example.com,27-12-2020 00:00:00,Gold,17,1639
810,John,Brown,customer810@example.com,24-04-2023 00:00:00,Gold,2,791
811,Sarah,Williams,customer811@example.com,08-05-2020 00:00:00,Silver,6,1872
812,John,Williams,customer812@example.com,08-07-2023 00:00:00,Platinum,5,716
813,Mike,Brown,customer813@example.com,29-05-2021 00:00:00,Silver,28,1486
814,David,Jones,customer814@example.com,24-03-2021 00:00:00,Platinum,41,1552
815,David,Brown,customer815@example.com,01-02-2023 00:00:00,Bronze,5,873
816,Emily,Jones,customer816@example.com,01-06-2023 00:00:00,Bronze,18,753
817,Sarah,Williams,customer817@example.com,23-05-2022 00:00:00,Bronze,26,1127
818,John,Smith,customer818@example.com,17-04-2021 00:00:00,Bronze,20,1528
819,John,Garcia,customer819@example.com,30-10-2022 00:00:00,Gold,41,967
820,Jane,Williams,customer820@example.com,29-11-2023 00:00:00,Gold,49,572
821,Emily,Williams,customer821@example.com,28-10-2020 00:00:00,Silver,27,1699
822,Jane,Johnson,customer822@example.com,18-08-2020 00:00:00,Platinum,49,1770
823,Jane,Johnson,customer823@example.com,11-07-2022 00:00:00,Bronze,12,1078
824,Jane,Johnson,customer824@example.com,25-12-2022 00:00:00,Bronze,7,911
825,Sarah,Garcia,customer825@example.com,25-07-2022 00:00:00,Platinum,3,1064
826,Sarah,Johnson,customer826@example.com,21-04-2020 00:00:00,Platinum,10,1889
827,Mike,Jones,customer827@example.com,02-11-2022 00:00:00,Silver,34,964
828,Mike,Brown,customer828@example.com,17-11-2023 00:00:00,Platinum,25,584
829,Jane,Smith,customer829@example.com,14-05-2021 00:00:00,Bronze,35,1501
830,Emily,Williams,customer830@example.com,20-07-2022 00:00:00,Bronze,16,1069
831,John,Jones,customer831@example.com,20-08-2021 00:00:00,Bronze,2,1403
832,Sarah,Smith,customer832@example.com,21-08-2020 00:00:00,Bronze,24,1767
833,Emily,Jones,customer833@example.com,24-08-2021 00:00:00,Bronze,10,1399
834,David,Jones,customer834@example.com,09-11-2020 00:00:00,Silver,38,1687
835,Sarah,Williams,customer835@example.com,19-07-2021 00:00:00,Bronze,22,1435
836,Sarah,Brown,customer836@example.com,01-11-2022 00:00:00,Silver,26,965
837,Mike,Johnson,customer837@example.com,27-07-2020 00:00:00,Bronze,43,1792
838,John,Garcia,customer838@example.com,03-11-2022 00:00:00,Gold,39,963
839,John,Brown,customer839@example.com,12-12-2023 00:00:00,Gold,27,559
840,David,Garcia,customer840@example.com,01-11-2023 00:00:00,Gold,29,600
841,David,Williams,customer841@example.com,09-11-2022 00:00:00,Gold,47,957
842,Sarah,Williams,customer842@example.com,09-08-2021 00:00:00,Silver,38,1414
843,Jane,Williams,customer843@example.com,11-10-2022 00:00:00,Silver,20,986
844,Mike,Smith,customer844@example.com,29-12-2022 00:00:00,Platinum,27,907
845,Mike,Garcia,customer845@example.com,19-05-2023 00:00:00,Bronze,41,766
846,Sarah,Brown,customer846@example.com,29-01-2023 00:00:00,Gold,20,876
847,Emily,Brown,customer847@example.com,28-11-2021 00:00:00,Silver,44,1303
848,Jane,Jones,customer848@example.com,11-05-2020 00:00:00,Bronze,19,1869
849,Sarah,Jones,customer849@example.com,05-11-2023 00:00:00,Bronze,20,596
850,Jane,Jones,customer850@example.com,01-03-2023 00:00:00,Silver,35,845
851,Jane,Williams,customer851@example.com,09-11-2022 00:00:00,Gold,47,957
852,Jane,Brown,customer852@example.com,19-06-2021 00:00:00,Platinum,2,1465
853,Sarah,Garcia,customer853@example.com,10-10-2022 00:00:00,Bronze,30,987
854,Mike,Williams,customer854@example.com,14-08-2020 00:00:00,Platinum,34,1774
855,Mike,Smith,customer855@example.com,23-03-2023 00:00:00,Gold,22,823
856,Jane,Jones,customer856@example.com,01-04-2022 00:00:00,Gold,3,1179
857,Emily,Williams,customer857@example.com,20-05-2022 00:00:00,Platinum,6,1130
858,John,Williams,customer858@example.com,08-02-2021 00:00:00,Gold,15,1596
859,Sarah,Smith,customer859@example.com,20-07-2020 00:00:00,Bronze,27,1799
860,John,Johnson,customer860@example.com,07-02-2020 00:00:00,Platinum,10,1963
861,Emily,Brown,customer861@example.com,30-07-2022 00:00:00,Gold,9,1059
862,Sarah,Garcia,customer862@example.com,06-07-2020 00:00:00,Platinum,33,1813
863,Jane,Johnson,customer863@example.com,16-12-2022 00:00:00,Bronze,32,920
864,Mike,Jones,customer864@example.com,29-07-2022 00:00:00,Gold,48,1060
865,John,Williams,customer865@example.com,09-11-2022 00:00:00,Bronze,6,957
866,David,Smith,customer866@example.com,29-09-2020 00:00:00,Gold,41,1728
867,David,Smith,customer867@example.com,16-02-2023 00:00:00,Silver,36,858
868,Emily,Brown,customer868@example.com,05-08-2021 00:00:00,Gold,2,1418
869,Jane,Johnson,customer869@example.com,30-05-2021 00:00:00,Platinum,29,1485
870,John,Brown,customer870@example.com,29-05-2023 00:00:00,Gold,4,756
871,Jane,Williams,customer871@example.com,09-06-2021 00:00:00,Bronze,1,1475
872,John,Brown,customer872@example.com,01-12-2020 00:00:00,Bronze,19,1665
873,Emily,Garcia,customer873@example.com,28-11-2021 00:00:00,Gold,26,1303
874,Emily,Smith,customer874@example.com,14-12-2022 00:00:00,Platinum,25,922
875,David,Smith,customer875@example.com,14-05-2021 00:00:00,Silver,10,1501
876,Jane,Jones,customer876@example.com,18-06-2022 00:00:00,Platinum,15,1101
877,Sarah,Jones,customer877@example.com,04-02-2022 00:00:00,Silver,22,1235
878,David,Williams,customer878@example.com,19-06-2021 00:00:00,Bronze,48,1465
879,Jane,Garcia,customer879@example.com,10-06-2020 00:00:00,Platinum,21,1839
880,David,Johnson,customer880@example.com,16-08-2021 00:00:00,Silver,22,1407
881,Sarah,Brown,customer881@example.com,07-06-2020 00:00:00,Gold,36,1842
882,Mike,Williams,customer882@example.com,26-04-2023 00:00:00,Bronze,34,789
883,Mike,Jones,customer883@example.com,29-02-2020 00:00:00,Gold,30,1941
884,Mike,Brown,customer884@example.com,03-07-2022 00:00:00,Bronze,25,1086
885,Mike,Jones,customer885@example.com,04-09-2023 00:00:00,Platinum,45,658
886,John,Brown,customer886@example.com,29-07-2020 00:00:00,Platinum,28,1790
887,Mike,Johnson,customer887@example.com,09-02-2021 00:00:00,Bronze,1,1595
888,Sarah,Williams,customer888@example.com,25-10-2021 00:00:00,Bronze,49,1337
889,Emily,Brown,customer889@example.com,06-02-2023 00:00:00,Bronze,45,868
890,Emily,Garcia,customer890@example.com,04-01-2023 00:00:00,Platinum,4,901
891,John,Smith,customer891@example.com,25-06-2021 00:00:00,Silver,7,1459
892,Mike,Garcia,customer892@example.com,30-08-2023 00:00:00,Gold,49,663
893,Mike,Garcia,customer893@example.com,24-09-2022 00:00:00,Gold,9,1003
894,Mike,Smith,customer894@example.com,14-02-2023 00:00:00,Platinum,36,860
895,David,Garcia,customer895@example.com,15-07-2022 00:00:00,Gold,19,1074
896,Jane,Brown,customer896@example.com,17-05-2022 00:00:00,Bronze,1,1133
897,David,Brown,customer897@example.com,19-01-2020 00:00:00,Silver,10,1982
898,Jane,Brown,customer898@example.com,07-03-2021 00:00:00,Gold,36,1569
899,Mike,Smith,customer899@example.com,09-01-2022 00:00:00,Silver,9,1261
900,Mike,Garcia,customer900@example.com,05-10-2023 00:00:00,Bronze,45,627
901,David,Smith,customer901@example.com,01-07-2020 00:00:00,Gold,46,1818
902,David,Brown,customer902@example.com,22-04-2020 00:00:00,Platinum,42,1888
903,Jane,Garcia,customer903@example.com,21-04-2023 00:00:00,Silver,32,794
904,Emily,Garcia,customer904@example.com,25-04-2021 00:00:00,Bronze,32,1520
905,Jane,Jones,customer905@example.com,15-03-2023 00:00:00,Silver,6,831
906,David,Jones,customer906@example.com,10-04-2022 00:00:00,Gold,48,1170
907,Sarah,Johnson,customer907@example.com,10-02-2023 00:00:00,Gold,38,864
908,David,Williams,customer908@example.com,01-02-2022 00:00:00,Platinum,17,1238
909,Sarah,Jones,customer909@example.com,20-04-2021 00:00:00,Bronze,10,1525
910,John,Smith,customer910@example.com,01-02-2022 00:00:00,Bronze,50,1238
911,David,Jones,customer911@example.com,19-08-2023 00:00:00,Platinum,27,674
912,John,Johnson,customer912@example.com,28-08-2022 00:00:00,Platinum,50,1030
913,Emily,Garcia,customer913@example.com,16-10-2022 00:00:00,Bronze,35,981
914,Jane,Johnson,customer914@example.com,15-02-2023 00:00:00,Silver,21,859
915,Sarah,Garcia,customer915@example.com,09-06-2020 00:00:00,Silver,25,1840
916,Jane,Garcia,customer916@example.com,04-02-2021 00:00:00,Platinum,28,1600
917,John,Williams,customer917@example.com,16-07-2020 00:00:00,Silver,47,1803
918,Sarah,Jones,customer918@example.com,07-07-2023 00:00:00,Bronze,15,717
919,Jane,Smith,customer919@example.com,21-10-2021 00:00:00,Gold,4,1341
920,David,Smith,customer920@example.com,06-12-2022 00:00:00,Gold,29,930
921,Mike,Brown,customer921@example.com,02-02-2021 00:00:00,Silver,9,1602
922,John,Garcia,customer922@example.com,18-03-2020 00:00:00,Platinum,27,1923
923,Jane,Smith,customer923@example.com,03-05-2020 00:00:00,Platinum,26,1877
924,John,Williams,customer924@example.com,15-03-2020 00:00:00,Platinum,19,1926
925,John,Garcia,customer925@example.com,16-05-2020 00:00:00,Platinum,28,1864
926,Sarah,Williams,customer926@example.com,24-08-2021 00:00:00,Platinum,17,1399
927,Sarah,Smith,customer927@example.com,24-11-2023 00:00:00,Silver,43,577
928,Mike,Smith,customer928@example.com,16-04-2022 00:00:00,Gold,41,1164
929,David,Brown,customer929@example.com,14-05-2021 00:00:00,Gold,42,1501
930,John,Smith,customer930@example.com,17-05-2020 00:00:00,Silver,50,1863
931,Jane,Garcia,customer931@example.com,19-02-2020 00:00:00,Platinum,20,1951
932,Emily,Garcia,customer932@example.com,30-08-2022 00:00:00,Silver,45,1028
933,John,Garcia,customer933@example.com,10-09-2020 00:00:00,Gold,40,1747
934,John,Brown,customer934@example.com,10-12-2021 00:00:00,Bronze,39,1291
935,Mike,Brown,customer935@example.com,16-07-2021 00:00:00,Silver,49,1438
936,David,Smith,customer936@example.com,26-01-2022 00:00:00,Platinum,23,1244
937,Emily,Johnson,customer937@example.com,20-12-2023 00:00:00,Gold,47,551
938,Sarah,Johnson,customer938@example.com,30-06-2021 00:00:00,Gold,32,1454
939,Sarah,Brown,customer939@example.com,18-08-2023 00:00:00,Gold,47,675
940,Jane,Smith,customer940@example.com,10-07-2022 00:00:00,Gold,33,1079
941,Emily,Johnson,customer941@example.com,03-08-2021 00:00:00,Platinum,46,1420
942,Sarah,Smith,customer942@example.com,04-10-2023 00:00:00,Bronze,5,628
943,Jane,Smith,customer943@example.com,18-02-2020 00:00:00,Gold,43,1952
944,David,Smith,customer944@example.com,05-07-2022 00:00:00,Silver,48,1084
945,Jane,Jones,customer945@example.com,02-01-2023 00:00:00,Bronze,34,903
946,Sarah,Garcia,customer946@example.com,04-12-2021 00:00:00,Gold,40,1297
947,Mike,Smith,customer947@example.com,17-09-2020 00:00:00,Bronze,11,1740
948,Mike,Jones,customer948@example.com,21-12-2020 00:00:00,Silver,50,1645
949,Mike,Brown,customer949@example.com,07-07-2023 00:00:00,Gold,3,717
950,Sarah,Johnson,customer950@example.com,29-09-2021 00:00:00,Silver,33,1363
951,Mike,Garcia,customer951@example.com,12-01-2022 00:00:00,Platinum,11,1258
952,Emily,Johnson,customer952@example.com,11-08-2023 00:00:00,Gold,16,682
953,David,Garcia,customer953@example.com,06-10-2022 00:00:00,Gold,18,991
954,Jane,Johnson,customer954@example.com,19-07-2022 00:00:00,Gold,30,1070
955,Jane,Garcia,customer955@example.com,02-10-2021 00:00:00,Gold,48,1360
956,Sarah,Johnson,customer956@example.com,02-03-2022 00:00:00,Platinum,10,1209
957,Mike,Johnson,customer957@example.com,29-08-2023 00:00:00,Gold,18,664
958,Mike,Johnson,customer958@example.com,03-09-2021 00:00:00,Bronze,38,1389
959,John,Johnson,customer959@example.com,19-03-2022 00:00:00,Gold,19,1192
960,David,Brown,customer960@example.com,20-04-2023 00:00:00,Platinum,36,795
961,Emily,Smith,customer961@example.com,16-11-2021 00:00:00,Gold,13,1315
962,Jane,Williams,customer962@example.com,19-10-2023 00:00:00,Bronze,46,613
963,John,Jones,customer963@example.com,06-07-2020 00:00:00,Platinum,3,1813
964,John,Williams,customer964@example.com,11-09-2022 00:00:00,Platinum,10,1016
965,Sarah,Williams,customer965@example.com,01-07-2021 00:00:00,Bronze,38,1453
966,Jane,Garcia,customer966@example.com,25-12-2021 00:00:00,Bronze,1,1276
967,Sarah,Smith,customer967@example.com,14-07-2022 00:00:00,Bronze,27,1075
968,Emily,Garcia,customer968@example.com,02-12-2023 00:00:00,Bronze,46,569
969,John,Smith,customer969@example.com,25-05-2022 00:00:00,Bronze,8,1125
970,John,Smith,customer970@example.com,09-09-2021 00:00:00,Platinum,46,1383
971,David,Johnson,customer971@example.com,17-02-2021 00:00:00,Platinum,42,1587
972,Emily,Brown,customer972@example.com,27-09-2023 00:00:00,Gold,17,635
973,John,Johnson,customer973@example.com,28-05-2023 00:00:00,Gold,9,757
974,Emily,Brown,customer974@example.com,21-06-2022 00:00:00,Silver,6,1098
975,Jane,Garcia,customer975@example.com,11-06-2020 00:00:00,Gold,43,1838
976,Mike,Brown,customer976@example.com,28-05-2023 00:00:00,Gold,25,757
977,John,Garcia,customer977@example.com,26-09-2020 00:00:00,Bronze,39,1731
978,David,Williams,customer978@example.com,23-09-2021 00:00:00,Bronze,49,1369
979,Jane,Williams,customer979@example.com,24-06-2022 00:00:00,Gold,28,1095
980,Emily,Brown,customer980@example.com,24-11-2023 00:00:00,Silver,33,577
981,Sarah,Brown,customer981@example.com,20-04-2023 00:00:00,Bronze,37,795
982,Jane,Garcia,customer982@example.com,23-07-2020 00:00:00,Gold,9,1796
983,John,Johnson,customer983@example.com,04-08-2021 00:00:00,Gold,18,1419
984,Emily,Garcia,customer984@example.com,20-04-2022 00:00:00,Platinum,21,1160
985,Mike,Johnson,customer985@example.com,05-06-2023 00:00:00,Silver,2,749
986,Jane,Williams,customer986@example.com,18-08-2021 00:00:00,Platinum,43,1405
987,John,Smith,customer987@example.com,06-09-2020 00:00:00,Silver,38,1751
988,David,Brown,customer988@example.com,24-05-2022 00:00:00,Bronze,40,1126
989,Sarah,Johnson,customer989@example.com,14-07-2020 00:00:00,Silver,36,1805
990,Emily,Garcia,customer990@example.com,20-11-2021 00:00:00,Gold,50,1311
991,Jane,Williams,customer991@example.com,29-12-2022 00:00:00,Gold,43,907
992,Jane,Johnson,customer992@example.com,30-09-2021 00:00:00,Silver,37,1362
993,Mike,Garcia,customer993@example.com,23-11-2023 00:00:00,Silver,15,578
994,Mike,Brown,customer994@example.com,02-11-2021 00:00:00,Silver,28,1329
995,David,Brown,customer995@example.com,11-05-2023 00:00:00,Platinum,18,774
996,Sarah,Jones,customer996@example.com,17-03-2023 00:00:00,Silver,34,829
997,David,Smith,customer997@example.com,01-08-2022 00:00:00,Bronze,22,1057
998,John,Jones,customer998@example.com,17-07-2020 00:00:00,Platinum,11,1802
999,John,Williams,customer999@example.com,20-12-2023 00:00:00,Platinum,13,551
1000,David,Johnson,customer1000@example.com,06-05-2021 00:00:00,Silver,4,1509
